,Home Team,Away Team,Date
172,Southampton,Norwich City,2022-02-25
428,Leeds United,Brighton,2021-01-16
526,Watford,Liverpool,2018-11-24
1048,Leeds United,West Ham United,2021-09-25
1017,Southampton,Newcastle United,2020-03-07
329,Leeds United,Bournemouth,2022-11-05
116,Tottenham Hotspur,Watford,2021-08-29
218,Cardiff City,Chelsea,2019-03-31
451,Everton,Huddersfield Town,2018-09-01
454,Manchester City,Watford,2019-03-09
1154,Everton,West Ham United,2019-10-19
602,Watford,Crystal Palace,2018-08-26
514,Leicester City,Arsenal,2019-04-28
1030,Crystal Palace,Liverpool,2020-12-19
494,Manchester City,Leicester City,2019-05-06
979,Everton,Watford,2019-08-17
1004,Watford,Liverpool,2020-02-29
707,West Bromwich Albion,Leeds United,2020-12-29
169,Sheffield United,Wolverhampton Wanderers,2020-09-14
110,Manchester United,Wolverhampton Wanderers,2018-09-22
642,Manchester United,Bournemouth,2020-07-04
518,Watford,Wolverhampton Wanderers,2020-01-01
448,Manchester City,Southampton,2018-11-04
323,Chelsea,Aston Villa,2021-09-11
307,Chelsea,West Bromwich Albion,2021-04-03
947,Newcastle United,Wolverhampton Wanderers,2021-02-27
181,Brighton,Everton,2018-12-29
105,Sheffield United,Leeds United,2020-09-27
471,Liverpool,Newcastle United,2022-08-31
65,Arsenal,Newcastle United,2021-01-18
481,Burnley,Watford,2022-02-05
815,Tottenham Hotspur,Manchester United,2021-10-30
208,Fulham,Wolverhampton Wanderers,2021-04-09
226,Leicester City,Manchester City,2021-04-03
31,Crystal Palace,Bournemouth,2019-05-12
439,Manchester City,Huddersfield Town,2018-08-19
872,Everton,Brighton,2022-01-02
369,West Ham United,Bournemouth,2018-08-18
254,Leeds United,Fulham,2020-09-19
826,Brighton,Manchester City,2020-07-11
1203,Manchester United,Everton,2018-10-28
889,Crystal Palace,Manchester United,2020-07-16
1007,Wolverhampton Wanderers,Huddersfield Town,2018-11-25
79,Crystal Palace,Brentford,2021-08-21
151,Brighton,Southampton,2019-08-24
1110,Everton,Wolverhampton Wanderers,2021-05-19
247,Leicester City,Wolverhampton Wanderers,2019-08-11
1205,Southampton,Tottenham Hotspur,2019-03-09
896,Wolverhampton Wanderers,Burnley,2019-08-25
587,Aston Villa,Manchester United,2022-11-06
908,Manchester City,Brighton,2022-10-22
462,Chelsea,Liverpool,2019-09-22
424,Arsenal,Liverpool,2020-07-15
1188,West Bromwich Albion,Aston Villa,2020-12-20
1221,Aston Villa,Sheffield United,2020-09-21
1132,Brighton,Manchester United,2020-06-30
224,Burnley,Wolverhampton Wanderers,2019-03-30
791,West Bromwich Albion,Chelsea,2020-09-26
765,Brighton,Manchester City,2021-10-23
461,Southampton,Chelsea,2019-10-06
670,Aston Villa,Southampton,2019-12-21
45,Liverpool,Manchester City,2021-10-03
162,Southampton,Bournemouth,2019-09-20
284,Burnley,Southampton,2019-02-02
368,Manchester City,Liverpool,2020-07-02
904,Leicester City,Crystal Palace,2022-10-15
579,Burnley,Brighton,2021-02-06
388,Norwich City,Liverpool,2020-02-15
202,Watford,Brighton,2022-02-12
146,Arsenal,Burnley,2019-08-17
738,Tottenham Hotspur,Liverpool,2021-12-19
1119,Liverpool,Crystal Palace,2019-01-19
415,Chelsea,Brighton,2019-04-03
91,Bournemouth,Watford,2019-01-02
8,West Ham United,Arsenal,2019-01-12
49,Fulham,Wolverhampton Wanderers,2018-12-26
664,West Ham United,Liverpool,2019-02-04
704,Liverpool,Leicester City,2019-01-30
1031,Everton,West Ham United,2021-10-17
99,Manchester City,Arsenal,2021-08-28
795,Manchester City,Leicester City,2021-12-26
412,Arsenal,Southampton,2019-11-23
1182,Bournemouth,Crystal Palace,2020-06-20
134,Manchester City,Liverpool,2022-04-10
196,Manchester United,Burnley,2021-12-30
43,Fulham,Burnley,2018-08-26
772,Everton,Leeds United,2020-11-28
1020,West Ham United,Huddersfield Town,2019-03-16
131,Newcastle United,Liverpool,2022-04-30
895,Leicester City,West Bromwich Albion,2021-04-22
555,Crystal Palace,Wolverhampton Wanderers,2022-10-18
310,Newcastle United,Tottenham Hotspur,2021-04-04
525,Leicester City,Tottenham Hotspur,2021-05-23
685,Leicester City,West Ham United,2018-10-27
1159,Everton,Manchester United,2022-10-09
53,Brentford,Wolverhampton Wanderers,2022-01-22
949,Leeds United,Everton,2022-08-30
832,Watford,Brighton,2018-08-11
487,Manchester City,Southampton,2019-11-02
1006,Leicester City,Crystal Palace,2020-07-04
989,Tottenham Hotspur,Brighton,2020-11-01
674,Norwich City,Leicester City,2020-02-28
47,West Ham United,Arsenal,2019-12-09
822,Aston Villa,Everton,2019-08-23
398,Leicester City,Everton,2019-12-01
5,Burnley,Brentford,2021-10-30
900,Leeds United,Manchester City,2022-04-30
166,Liverpool,Southampton,2018-09-22
967,Chelsea,Burnley,2019-04-22
407,Liverpool,Manchester United,2020-01-19
250,Chelsea,West Ham United,2019-04-08
281,Leicester City,Tottenham Hotspur,2019-09-21
565,Newcastle United,Tottenham Hotspur,2018-08-11
624,Burnley,Norwich City,2019-09-21
823,Cardiff City,Fulham,2018-10-20
917,Leicester City,Huddersfield Town,2018-09-22
637,Chelsea,Manchester United,2021-02-28
297,Everton,Sheffield United,2019-09-21
1210,Leeds United,Norwich City,2022-03-13
1117,West Bromwich Albion,Manchester United,2021-02-14
529,Aston Villa,Manchester United,2021-05-09
705,Southampton,Tottenham Hotspur,2020-09-20
1081,Manchester City,Arsenal,2020-10-17
189,Southampton,Fulham,2021-05-15
1028,Leicester City,Southampton,2021-01-16
467,Fulham,Bournemouth,2022-10-15
682,West Ham United,Liverpool,2020-01-29
764,Arsenal,Fulham,2021-04-18
968,Chelsea,Norwich City,2021-10-23
315,Tottenham Hotspur,Chelsea,2021-02-04
195,Huddersfield Town,Liverpool,2018-10-20
734,Wolverhampton Wanderers,Crystal Palace,2020-10-30
676,Leeds United,Burnley,2022-01-02
695,Tottenham Hotspur,Manchester United,2020-06-19
121,Chelsea,Brighton,2021-04-20
394,Brighton,Everton,2019-10-26
1175,Everton,Tottenham Hotspur,2018-12-23
611,Newcastle United,Burnley,2020-10-03
547,Watford,Crystal Palace,2022-02-23
1058,Watford,Liverpool,2021-10-16
619,Arsenal,Crystal Palace,2021-01-14
82,Everton,Fulham,2018-09-29
311,Tottenham Hotspur,Wolverhampton Wanderers,2022-02-13
1109,Manchester City,Southampton,2021-09-18
214,Aston Villa,Liverpool,2022-05-10
569,Chelsea,West Ham United,2022-09-03
160,Southampton,Huddersfield Town,2019-05-12
819,Southampton,Wolverhampton Wanderers,2021-09-26
1066,Nottingham Forest,Aston Villa,2022-10-10
831,Leeds United,Aston Villa,2022-03-10
668,Manchester City,Manchester United,2022-10-02
1051,Manchester City,Wolverhampton Wanderers,2021-03-02
880,Tottenham Hotspur,Leicester City,2020-12-20
882,Arsenal,Burnley,2020-12-13
185,Bournemouth,Norwich City,2019-10-19
458,Everton,Bournemouth,2020-07-26
865,Tottenham Hotspur,Newcastle United,2022-04-03
860,Norwich City,Newcastle United,2019-08-17
978,Cardiff City,Watford,2019-02-22
15,Arsenal,Brighton,2022-04-09
688,Everton,Bournemouth,2019-01-13
292,Wolverhampton Wanderers,Bournemouth,2020-06-24
783,Bournemouth,Aston Villa,2020-02-01
842,Cardiff City,Newcastle United,2018-08-18
852,Leicester City,Arsenal,2019-11-09
943,West Bromwich Albion,Fulham,2021-01-30
990,Tottenham Hotspur,West Ham United,2020-10-18
571,Chelsea,Fulham,2021-05-01
1099,Burnley,Huddersfield Town,2018-10-06
1197,Sheffield United,Newcastle United,2019-12-05
434,Manchester City,Aston Villa,2021-01-20
395,Sheffield United,Tottenham Hotspur,2020-07-02
630,Wolverhampton Wanderers,West Bromwich Albion,2021-01-16
418,Everton,Wolverhampton Wanderers,2019-02-02
1106,Fulham,Cardiff City,2019-04-27
1098,Crystal Palace,Southampton,2022-10-29
204,Tottenham Hotspur,West Ham United,2022-03-20
531,Fulham,Arsenal,2018-10-07
576,Newcastle United,Brentford,2021-11-20
713,Liverpool,Brighton,2021-02-03
678,Norwich City,Tottenham Hotspur,2022-05-22
924,Newcastle United,Aston Villa,2021-03-12
77,Fulham,Huddersfield Town,2018-12-29
840,Manchester United,Burnley,2019-01-29
552,Burnley,Bournemouth,2018-09-22
356,Southampton,Manchester United,2021-08-22
995,Fulham,Crystal Palace,2018-08-11
1183,Crystal Palace,Huddersfield Town,2019-03-30
405,Newcastle United,Leeds United,2021-01-26
1176,Newcastle United,West Ham United,2020-07-05
665,Wolverhampton Wanderers,West Ham United,2019-01-29
72,Wolverhampton Wanderers,Everton,2021-11-01
376,Chelsea,Leicester City,2022-08-27
971,Bournemouth,Manchester United,2019-11-02
944,Manchester City,Brentford,2022-02-09
887,Tottenham Hotspur,Brighton,2019-04-23
888,Leicester City,Brighton,2019-02-26
374,Watford,Chelsea,2021-12-01
507,Newcastle United,Manchester City,2019-11-30
1100,Burnley,Arsenal,2021-09-18
691,Manchester City,Wolverhampton Wanderers,2021-12-11
423,Watford,Newcastle United,2020-07-11
1218,Liverpool,Leeds United,2022-10-29
1151,Everton,Leicester City,2020-07-01
399,Manchester United,Everton,2021-02-06
364,Huddersfield Town,Tottenham Hotspur,2018-09-29
1096,Crystal Palace,Arsenal,2021-05-19
1063,Norwich City,Newcastle United,2022-04-23
673,Norwich City,Everton,2022-01-15
133,Chelsea,Arsenal,2022-04-20
1156,Watford,Huddersfield Town,2018-10-27
1114,Everton,Brighton,2020-10-03
296,Manchester City,Everton,2018-12-15
749,Manchester City,Everton,2020-01-01
155,Manchester United,Liverpool,2021-10-24
403,Brighton,Wolverhampton Wanderers,2021-12-15
945,Crystal Palace,Manchester City,2022-03-14
963,Newcastle United,Manchester United,2019-10-06
965,Liverpool,Brighton,2022-10-01
63,Crystal Palace,Wolverhampton Wanderers,2021-11-06
347,Manchester United,Newcastle United,2018-10-06
729,Fulham,Aston Villa,2020-09-28
1212,Newcastle United,Brighton,2020-09-20
1115,Sheffield United,Arsenal,2019-10-21
343,Arsenal,Wolverhampton Wanderers,2020-11-29
361,Fulham,Chelsea,2021-01-16
377,Norwich City,Manchester City,2022-02-12
187,Burnley,Arsenal,2020-02-02
1013,Leicester City,Southampton,2022-08-20
383,Everton,Brentford,2022-05-15
694,Brentford,Brighton,2021-09-11
737,Tottenham Hotspur,Chelsea,2018-11-24
849,Sheffield United,Leicester City,2020-12-06
1232,Southampton,Everton,2019-01-19
939,Leicester City,Crystal Palace,2019-02-23
81,Arsenal,Brighton,2019-05-05
1127,Arsenal,West Ham United,2020-09-19
441,Arsenal,Wolverhampton Wanderers,2022-02-24
216,Tottenham Hotspur,Norwich City,2021-12-05
194,West Ham United,Fulham,2020-11-07
1104,Newcastle United,West Bromwich Albion,2020-12-12
1194,Chelsea,Liverpool,2022-01-02
1102,Everton,Newcastle United,2020-01-21
725,Tottenham Hotspur,Leicester City,2022-05-01
1171,Brighton,Southampton,2019-03-30
327,Everton,Burnley,2019-12-26
854,Manchester United,Brighton,2021-04-04
93,Brighton,Arsenal,2018-12-26
486,Wolverhampton Wanderers,Manchester City,2020-09-21
182,Wolverhampton Wanderers,Brighton,2020-03-07
1230,Cardiff City,Everton,2019-02-26
317,Leeds United,Arsenal,2021-12-18
870,Liverpool,Brighton,2018-08-25
577,Chelsea,Newcastle United,2021-02-15
366,Chelsea,Brentford,2022-04-02
504,Wolverhampton Wanderers,Tottenham Hotspur,2018-11-03
524,Leicester City,Burnley,2021-09-25
573,Burnley,Cardiff City,2019-04-13
1219,Southampton,Watford,2019-11-30
892,Bournemouth,Tottenham Hotspur,2019-05-04
748,Liverpool,Everton,2021-02-20
69,West Bromwich Albion,Southampton,2021-04-12
1022,Newcastle United,Watford,2022-01-15
760,Newcastle United,West Ham United,2021-08-15
1191,Fulham,Arsenal,2020-09-12
1172,West Ham United,Chelsea,2021-12-04
357,Brighton,Newcastle United,2020-07-20
124,Brighton,Crystal Palace,2021-02-22
14,Crystal Palace,Aston Villa,2019-08-31
38,Manchester United,Liverpool,2021-05-13
763,Liverpool,Chelsea,2020-07-22
683,Crystal Palace,West Ham United,2019-12-26
435,Southampton,Crystal Palace,2019-12-28
1082,Brighton,Wolverhampton Wanderers,2018-10-27
86,Newcastle United,Manchester City,2021-05-14
209,Manchester United,Arsenal,2021-12-02
522,Bournemouth,West Ham United,2019-09-28
572,Newcastle United,Arsenal,2021-05-02
358,Brighton,Fulham,2021-01-27
1093,Wolverhampton Wanderers,Leeds United,2021-02-19
498,Burnley,Leicester City,2020-01-19
468,Everton,Manchester City,2022-02-26
262,Southampton,Brighton,2020-07-16
557,Crystal Palace,Tottenham Hotspur,2020-12-13
1201,Liverpool,Manchester City,2021-02-07
739,West Bromwich Albion,Brighton,2021-02-27
85,Leicester City,Brentford,2022-03-20
869,Crystal Palace,Newcastle United,2018-09-22
715,Manchester United,Leeds United,2021-08-14
814,Cardiff City,Manchester United,2018-12-22
1184,Arsenal,Newcastle United,2021-11-27
183,Liverpool,Wolverhampton Wanderers,2022-05-22
853,Nottingham Forest,Tottenham Hotspur,2022-08-28
222,Sheffield United,Newcastle United,2021-01-12
342,Sheffield United,Brighton,2021-04-24
180,Aston Villa,Manchester City,2021-12-01
1196,Leeds United,Sheffield United,2021-04-03
470,Everton,Brighton,2020-01-11
1229,Newcastle United,Manchester City,2021-12-19
1036,Newcastle United,Leicester City,2018-09-29
732,Leeds United,Everton,2021-08-21
747,Southampton,Everton,2022-10-01
12,Arsenal,Cardiff City,2019-01-29
755,Wolverhampton Wanderers,Brighton,2022-11-05
612,Leicester City,Newcastle United,2019-09-29
773,Wolverhampton Wanderers,Fulham,2020-10-04
475,Southampton,Leeds United,2021-10-16
1222,Tottenham Hotspur,Leeds United,2022-11-12
696,Bournemouth,Everton,2018-08-25
520,Norwich City,Tottenham Hotspur,2019-12-28
503,Manchester United,Sheffield United,2021-01-27
1129,Sheffield United,Manchester United,2019-11-24
932,Crystal Palace,Tottenham Hotspur,2021-09-11
751,Liverpool,Manchester City,2022-10-16
197,Wolverhampton Wanderers,Brighton,2022-04-30
314,Bournemouth,Watford,2020-01-12
986,Norwich City,Chelsea,2019-08-24
596,Crystal Palace,Liverpool,2018-08-20
714,Manchester United,Aston Villa,2019-12-01
114,Manchester United,West Ham United,2022-10-30
1044,Liverpool,West Bromwich Albion,2020-12-27
41,Leicester City,Liverpool,2018-09-01
199,Brentford,Chelsea,2021-10-16
801,Everton,Aston Villa,2021-05-01
930,Huddersfield Town,Crystal Palace,2018-09-15
1049,Watford,Leicester City,2019-03-03
411,Southampton,Manchester United,2018-12-01
271,Tottenham Hotspur,Everton,2020-07-06
285,Burnley,Leeds United,2021-05-15
553,Brighton,Huddersfield Town,2019-03-02
1037,Everton,Brighton,2018-11-03
589,Arsenal,Norwich City,2020-07-01
378,Manchester City,Everton,2021-05-23
883,Arsenal,Southampton,2019-02-24
128,Manchester United,Manchester City,2020-03-08
1143,West Ham United,Liverpool,2021-01-31
57,Southampton,Norwich City,2019-12-04
1069,Southampton,Cardiff City,2019-02-09
940,Wolverhampton Wanderers,Chelsea,2021-12-19
312,West Ham United,Crystal Palace,2021-08-28
363,Leicester City,Fulham,2019-03-09
1231,Sheffield United,Southampton,2019-09-14
599,Liverpool,Bournemouth,2019-02-09
76,West Ham United,Crystal Palace,2022-11-06
234,Arsenal,Manchester United,2022-04-23
1034,Arsenal,Southampton,2021-12-11
649,Manchester United,Tottenham Hotspur,2018-08-27
543,Wolverhampton Wanderers,Manchester City,2018-08-25
709,Bournemouth,Manchester United,2018-11-03
545,Aston Villa,Burnley,2022-05-19
928,Chelsea,Newcastle United,2022-03-13
761,Southampton,Wolverhampton Wanderers,2021-02-14
1185,Bournemouth,Manchester City,2019-03-02
74,Brighton,Crystal Palace,2022-01-14
233,Arsenal,Southampton,2020-12-16
1190,Fulham,Watford,2018-09-22
339,Wolverhampton Wanderers,Watford,2018-10-20
858,Burnley,Manchester City,2019-12-03
1101,Watford,Manchester United,2018-09-15
191,Newcastle United,Cardiff City,2019-01-19
469,Aston Villa,Southampton,2022-09-16
1214,Cardiff City,Arsenal,2018-09-02
1080,Leeds United,Wolverhampton Wanderers,2021-10-23
1003,Tottenham Hotspur,Newcastle United,2022-10-23
958,Bournemouth,Burnley,2019-12-21
274,Arsenal,Manchester City,2019-12-15
350,Leicester City,Aston Villa,2020-10-18
278,Arsenal,Leicester City,2022-08-13
450,Wolverhampton Wanderers,Burnley,2021-04-25
485,Newcastle United,Watford,2018-11-03
268,Arsenal,Aston Villa,2021-10-22
157,Everton,Cardiff City,2018-11-24
410,Wolverhampton Wanderers,Nottingham Forest,2022-10-15
708,Wolverhampton Wanderers,West Ham United,2019-12-04
219,Crystal Palace,Leicester City,2018-12-15
381,Tottenham Hotspur,Brighton,2022-04-16
1135,West Bromwich Albion,Sheffield United,2020-11-28
546,Crystal Palace,Newcastle United,2020-02-22
1012,Bournemouth,Brighton,2018-12-22
230,Wolverhampton Wanderers,Everton,2018-08-11
286,Norwich City,Arsenal,2019-12-01
1076,Brighton,Leicester City,2019-11-23
606,Arsenal,West Ham United,2018-08-25
590,Crystal Palace,Norwich City,2019-09-28
215,Everton,Chelsea,2019-03-17
442,Huddersfield Town,Manchester United,2019-05-05
306,Brentford,Crystal Palace,2022-02-12
156,Sheffield United,Manchester United,2020-12-17
693,Arsenal,Watford,2020-07-26
459,Sheffield United,Fulham,2020-10-18
769,Manchester City,Brighton,2022-04-20
992,Burnley,Bournemouth,2020-02-22
829,Everton,Burnley,2021-03-13
390,Newcastle United,Chelsea,2020-11-21
373,Liverpool,Leeds United,2020-09-12
567,Crystal Palace,Sheffield United,2021-01-02
1136,Manchester United,Brentford,2022-05-02
684,Everton,Southampton,2018-08-18
414,Aston Villa,Southampton,2022-03-05
1032,Arsenal,Fulham,2019-01-01
272,Manchester United,Brighton,2022-02-15
786,Liverpool,Burnley,2021-08-21
168,Watford,Manchester United,2021-11-20
1170,Fulham,Crystal Palace,2020-10-24
37,Leicester City,Aston Villa,2020-03-09
744,Norwich City,Brighton,2021-10-16
1011,Manchester City,Chelsea,2019-02-10
915,Southampton,Aston Villa,2021-01-30
331,Everton,Chelsea,2022-08-06
480,Brighton,Liverpool,2022-03-12
588,Brighton,Leicester City,2018-11-24
559,Crystal Palace,Southampton,2020-01-21
966,West Ham United,Manchester City,2020-10-24
1047,Tottenham Hotspur,Liverpool,2022-11-06
927,Brighton,West Bromwich Albion,2020-10-26
170,Tottenham Hotspur,Manchester City,2020-11-21
653,Leicester City,Tottenham Hotspur,2022-01-19
905,Burnley,Aston Villa,2020-01-01
21,Southampton,Leeds United,2021-05-18
784,Sheffield United,Crystal Palace,2019-08-18
613,Brentford,Tottenham Hotspur,2022-04-23
174,Tottenham Hotspur,Wolverhampton Wanderers,2018-12-29
1202,Liverpool,Chelsea,2021-08-28
61,Tottenham Hotspur,Chelsea,2019-12-22
301,Everton,Wolverhampton Wanderers,2019-09-01
1150,Newcastle United,Everton,2022-10-19
193,Southampton,Arsenal,2018-12-16
400,Fulham,Liverpool,2019-03-17
1092,Cardiff City,Tottenham Hotspur,2019-01-01
275,Southampton,Newcastle United,2018-10-27
875,Arsenal,Manchester City,2022-01-01
1024,Arsenal,Manchester City,2018-08-12
710,West Ham United,Manchester City,2022-08-07
493,Everton,Southampton,2021-03-01
478,Southampton,Chelsea,2022-08-30
925,Everton,Crystal Palace,2018-10-21
120,Bournemouth,Chelsea,2020-02-29
962,Manchester United,Crystal Palace,2021-12-05
931,Leicester City,Chelsea,2021-11-20
127,West Ham United,Burnley,2021-01-16
153,West Ham United,Chelsea,2018-09-23
252,Wolverhampton Wanderers,Watford,2019-09-28
1204,Burnley,Tottenham Hotspur,2019-02-23
770,West Bromwich Albion,Crystal Palace,2020-12-06
1103,Southampton,Manchester City,2022-01-22
212,Burnley,Southampton,2022-04-21
117,Aston Villa,Burnley,2020-12-17
431,Sheffield United,West Bromwich Albion,2021-02-02
98,Wolverhampton Wanderers,Chelsea,2019-09-14
328,Aston Villa,Everton,2021-05-13
483,Leicester City,Tottenham Hotspur,2018-12-08
711,Crystal Palace,Aston Villa,2021-05-16
592,Chelsea,Brighton,2019-09-28
1074,Brighton,Liverpool,2020-07-08
75,Crystal Palace,Burnley,2022-02-26
165,Southampton,Sheffield United,2020-12-13
1166,Leicester City,Brighton,2022-01-23
437,Manchester City,Leeds United,2021-12-14
375,West Ham United,Watford,2020-07-17
564,Bournemouth,Southampton,2020-07-19
754,Leicester City,Newcastle United,2019-04-12
838,Manchester City,Wolverhampton Wanderers,2019-01-14
422,Bournemouth,Arsenal,2018-11-25
1086,Manchester United,Cardiff City,2019-05-12
970,West Ham United,Crystal Palace,2020-12-16
1123,Brentford,Manchester United,2022-08-13
660,Liverpool,Leicester City,2020-11-22
534,Huddersfield Town,West Ham United,2018-11-10
1161,Arsenal,Manchester City,2021-02-21
1120,Leeds United,Leicester City,2020-11-02
359,Chelsea,Tottenham Hotspur,2020-11-29
548,Brighton,Burnley,2022-02-19
433,Arsenal,Norwich City,2021-09-11
699,Tottenham Hotspur,Watford,2019-01-30
32,West Bromwich Albion,Leicester City,2020-09-13
1200,Brentford,Burnley,2022-03-12
80,Aston Villa,Everton,2021-09-18
66,Arsenal,Leicester City,2020-10-25
846,Aston Villa,Chelsea,2022-10-16
1162,Norwich City,Wolverhampton Wanderers,2021-11-27
36,Brighton,Brentford,2021-12-26
620,Aston Villa,Wolverhampton Wanderers,2020-06-27
1173,Manchester City,Leicester City,2020-09-27
161,Burnley,Everton,2022-04-06
666,Aston Villa,Leicester City,2019-12-08
622,Crystal Palace,Norwich City,2021-12-28
100,West Ham United,Leicester City,2019-04-20
750,Everton,Sheffield United,2021-05-16
562,Cardiff City,Crystal Palace,2019-05-04
495,Liverpool,Fulham,2018-11-11
574,Everton,Wolverhampton Wanderers,2022-03-13
1083,West Bromwich Albion,West Ham United,2021-05-19
401,Arsenal,Brighton,2019-12-05
907,Chelsea,Leeds United,2020-12-05
1057,Arsenal,Sheffield United,2020-01-18
316,Newcastle United,Bournemouth,2019-11-09
1014,Aston Villa,Chelsea,2020-06-21
1234,Arsenal,Liverpool,2018-11-03
298,Brighton,Aston Villa,2022-02-26
460,Aston Villa,West Ham United,2021-10-31
304,Everton,Norwich City,2019-11-23
519,Fulham,West Ham United,2018-12-15
340,Everton,Burnley,2021-09-13
1105,Bournemouth,Chelsea,2019-01-30
1169,West Ham United,Manchester City,2019-08-10
18,Crystal Palace,Leicester City,2021-10-03
818,Wolverhampton Wanderers,Newcastle United,2022-08-28
443,Crystal Palace,West Bromwich Albion,2021-03-13
360,Manchester United,Wolverhampton Wanderers,2020-02-01
7,Everton,Newcastle United,2021-01-30
176,Manchester City,Sheffield United,2021-01-30
810,Fulham,Liverpool,2022-08-06
349,Watford,Burnley,2019-01-19
762,Tottenham Hotspur,Newcastle United,2019-02-02
240,Leeds United,Chelsea,2022-08-21
385,Newcastle United,Everton,2020-11-01
920,Leeds United,Manchester United,2022-02-20
308,Wolverhampton Wanderers,Liverpool,2018-12-21
876,Southampton,Arsenal,2020-06-25
269,Wolverhampton Wanderers,Southampton,2022-01-15
229,Manchester United,Tottenham Hotspur,2022-10-19
136,Southampton,Newcastle United,2022-11-06
537,Tottenham Hotspur,Aston Villa,2021-10-03
585,Fulham,Southampton,2018-11-24
984,Chelsea,Wolverhampton Wanderers,2020-07-26
723,Manchester City,Nottingham Forest,2022-08-31
294,Bournemouth,West Ham United,2019-01-19
808,Brighton,Sheffield United,2019-12-21
517,West Ham United,Arsenal,2021-03-21
203,Arsenal,Watford,2021-11-07
345,Nottingham Forest,Liverpool,2022-10-22
586,Watford,Manchester City,2018-12-04
863,Manchester United,Southampton,2019-03-02
871,Arsenal,Chelsea,2020-12-26
138,Norwich City,Leicester City,2021-08-28
903,Everton,Manchester United,2020-03-01
430,Manchester United,West Ham United,2019-04-13
108,Chelsea,Tottenham Hotspur,2022-08-14
1146,Brighton,Chelsea,2020-09-14
341,Wolverhampton Wanderers,Manchester United,2019-04-02
1050,Newcastle United,Wolverhampton Wanderers,2022-04-08
1199,Manchester City,Newcastle United,2022-05-08
885,Tottenham Hotspur,Fulham,2022-09-03
787,Everton,Tottenham Hotspur,2021-11-07
648,Watford,West Ham United,2021-12-28
35,Leeds United,Burnley,2020-12-27
429,Arsenal,Tottenham Hotspur,2019-09-01
1145,Everton,West Bromwich Albion,2020-09-19
834,Leicester City,Nottingham Forest,2022-10-03
139,Burnley,West Ham United,2018-12-30
658,Wolverhampton Wanderers,Cardiff City,2019-03-02
581,Manchester City,Chelsea,2022-01-15
974,Wolverhampton Wanderers,Aston Villa,2020-12-12
836,Bournemouth,Burnley,2019-04-06
490,Burnley,Crystal Palace,2019-03-02
389,Newcastle United,Nottingham Forest,2022-08-06
1052,West Ham United,Bournemouth,2022-10-24
644,Manchester United,Newcastle United,2021-09-11
1019,Liverpool,Brentford,2022-01-16
83,Brentford,Newcastle United,2022-02-26
335,Chelsea,Southampton,2021-10-02
1046,Newcastle United,Leicester City,2021-01-03
1097,West Ham United,Fulham,2022-10-09
1040,Newcastle United,Everton,2019-03-09
1186,Leeds United,Tottenham Hotspur,2022-02-26
722,Tottenham Hotspur,Chelsea,2021-09-19
874,Cardiff City,West Ham United,2019-03-09
650,Liverpool,Tottenham Hotspur,2020-12-16
1225,Aston Villa,Brentford,2021-08-28
720,Bournemouth,Sheffield United,2019-08-10
1165,Wolverhampton Wanderers,Arsenal,2022-11-12
1224,West Ham United,Tottenham Hotspur,2021-10-24
735,Arsenal,Burnley,2018-12-22
1228,Leicester City,Fulham,2020-11-30
759,Liverpool,West Ham United,2018-08-12
213,Sheffield United,Norwich City,2020-03-07
362,West Ham United,Leeds United,2022-01-16
89,Brighton,Manchester United,2020-09-26
1124,West Ham United,Everton,2020-01-18
1125,Southampton,Burnley,2018-08-12
512,Chelsea,Southampton,2020-10-17
646,Everton,Leicester City,2022-11-05
1062,Everton,Aston Villa,2020-07-16
263,Crystal Palace,Chelsea,2022-02-19
1023,Burnley,Wolverhampton Wanderers,2022-04-24
530,Liverpool,Burnley,2020-07-11
1138,Brentford,Chelsea,2022-10-19
980,Leicester City,Chelsea,2019-05-12
614,Arsenal,Everton,2021-04-23
23,Liverpool,Wolverhampton Wanderers,2019-12-29
1139,West Ham United,Leeds United,2021-03-08
594,Manchester United,Brighton,2019-11-10
346,Bournemouth,Arsenal,2019-12-26
752,Sheffield United,Manchester City,2020-10-31
809,Burnley,Liverpool,2021-05-19
1193,West Ham United,Norwich City,2022-01-12
354,Everton,Tottenham Hotspur,2019-11-03
629,Newcastle United,Manchester United,2019-01-02
253,Leicester City,Arsenal,2021-10-30
305,Manchester City,Fulham,2018-09-15
554,Watford,Burnley,2019-11-23
746,Liverpool,Crystal Palace,2021-05-23
727,Tottenham Hotspur,Fulham,2021-01-13
17,Brighton,Burnley,2019-02-09
506,Tottenham Hotspur,Huddersfield Town,2019-04-13
102,Sheffield United,Everton,2020-12-26
384,Leicester City,Newcastle United,2021-12-12
1207,Manchester United,Norwich City,2020-01-11
393,Norwich City,Manchester United,2021-12-11
1073,Liverpool,Aston Villa,2020-07-05
789,Aston Villa,Sheffield United,2020-06-17
540,Crystal Palace,Leeds United,2022-04-25
408,West Bromwich Albion,Arsenal,2021-01-02
1091,Fulham,Southampton,2020-12-26
251,Aston Villa,Crystal Palace,2020-07-12
643,Arsenal,Crystal Palace,2021-10-18
300,Sheffield United,West Ham United,2020-11-22
914,West Ham United,Aston Villa,2020-07-26
509,Southampton,Liverpool,2019-04-05
419,West Ham United,Tottenham Hotspur,2022-08-31
535,Manchester United,Arsenal,2022-09-04
192,Leeds United,Crystal Palace,2021-02-08
698,Tottenham Hotspur,Aston Villa,2019-08-10
952,Burnley,Leicester City,2022-03-01
87,Aston Villa,Arsenal,2022-03-19
30,Fulham,Everton,2022-10-29
607,Liverpool,Aston Villa,2021-12-11
447,Wolverhampton Wanderers,Manchester City,2019-12-27
923,West Ham United,Arsenal,2022-05-01
615,West Ham United,Manchester United,2021-09-19
118,Chelsea,Everton,2021-03-08
950,West Ham United,Burnley,2018-11-03
372,Aston Villa,Tottenham Hotspur,2020-02-16
257,Burnley,Leicester City,2019-03-16
466,Aston Villa,Wolverhampton Wanderers,2021-10-16
680,Burnley,West Ham United,2021-05-03
591,Watford,Norwich City,2022-01-21
652,Leicester City,Liverpool,2019-12-26
50,Southampton,Liverpool,2021-01-04
54,Tottenham Hotspur,Manchester City,2018-10-29
954,West Ham United,Chelsea,2021-04-24
641,Watford,Bournemouth,2019-10-26
291,Chelsea,Arsenal,2022-11-06
813,Huddersfield Town,Bournemouth,2019-03-09
1223,Everton,Tottenham Hotspur,2021-04-16
753,Manchester United,Liverpool,2019-10-20
802,Liverpool,Everton,2018-12-02
92,West Ham United,Wolverhampton Wanderers,2022-02-27
835,West Ham United,Everton,2021-05-09
736,Watford,Leeds United,2022-04-09
303,Watford,Arsenal,2019-04-15
371,Aston Villa,Bournemouth,2019-08-17
491,Chelsea,Southampton,2019-12-26
657,Manchester City,Fulham,2022-11-05
776,Bournemouth,Newcastle United,2020-07-01
626,Everton,Liverpool,2022-09-03
942,Brentford,Leicester City,2021-10-24
1084,Manchester City,West Ham United,2020-02-19
59,Leicester City,Everton,2022-05-08
792,Newcastle United,Burnley,2021-12-04
740,Southampton,West Bromwich Albion,2020-10-04
386,Burnley,Fulham,2019-01-12
969,Brighton,Crystal Palace,2020-02-29
106,Brentford,West Ham United,2022-04-10
249,Arsenal,Aston Villa,2020-11-08
593,Aston Villa,Crystal Palace,2022-05-15
88,Wolverhampton Wanderers,Leeds United,2022-03-18
1002,Cardiff City,Manchester City,2018-09-22
766,Chelsea,Aston Villa,2019-12-04
44,Wolverhampton Wanderers,Tottenham Hotspur,2021-08-22
1178,Leeds United,Newcastle United,2022-01-22
474,Everton,Crystal Palace,2021-04-05
879,Norwich City,Burnley,2020-07-18
906,West Ham United,Everton,2019-03-30
779,Chelsea,Tottenham Hotspur,2022-01-23
1163,Bournemouth,Crystal Palace,2018-10-01
1141,Brighton,Southampton,2022-04-24
638,Wolverhampton Wanderers,Leicester City,2022-02-20
1041,Liverpool,Manchester United,2022-04-19
205,West Ham United,Newcastle United,2022-02-19
1042,West Ham United,Wolverhampton Wanderers,2020-06-20
568,Crystal Palace,Leeds United,2020-11-07
866,Watford,Cardiff City,2018-12-15
1180,Southampton,West Ham United,2022-10-16
484,Tottenham Hotspur,Wolverhampton Wanderers,2022-08-20
690,Burnley,Sheffield United,2020-07-05
1027,Manchester City,Brighton,2019-08-31
505,Brentford,Everton,2021-11-28
544,Huddersfield Town,Fulham,2018-11-05
515,Manchester United,Crystal Palace,2018-11-24
884,Liverpool,Brighton,2019-11-30
686,Burnley,Newcastle United,2019-12-14
6,Newcastle United,Burnley,2020-02-29
560,Manchester United,Chelsea,2022-04-28
440,Burnley,Tottenham Hotspur,2020-10-26
55,Leeds United,Manchester City,2020-10-03
1008,Nottingham Forest,Fulham,2022-09-16
141,Manchester United,Wolverhampton Wanderers,2020-12-29
851,West Ham United,Burnley,2020-07-08
1233,Aston Villa,Brighton,2020-11-21
667,Leicester City,Norwich City,2022-05-11
62,Southampton,Brentford,2022-01-11
631,Watford,Southampton,2020-06-28
1215,Southampton,Chelsea,2022-04-09
513,Arsenal,Chelsea,2021-08-22
380,Fulham,West Bromwich Albion,2020-11-02
313,Burnley,Aston Villa,2022-05-07
583,West Bromwich Albion,Everton,2021-03-04
897,Watford,Wolverhampton Wanderers,2021-09-11
532,West Ham United,Southampton,2020-02-29
850,Burnley,Manchester United,2022-02-08
508,Burnley,Manchester United,2021-01-12
273,Liverpool,Arsenal,2020-09-28
135,Manchester United,Arsenal,2018-12-05
742,Everton,Watford,2018-12-10
1113,Southampton,Manchester United,2022-08-27
728,Brighton,Newcastle United,2021-03-20
937,Manchester City,West Bromwich Albion,2020-12-15
11,West Ham United,Wolverhampton Wanderers,2022-10-01
669,Burnley,West Ham United,2021-12-12
605,Chelsea,Manchester United,2022-10-22
679,Chelsea,Crystal Palace,2018-11-04
830,Southampton,Watford,2022-03-13
1198,Everton,Fulham,2021-02-14
758,Crystal Palace,Brighton,2021-09-27
420,Fulham,Leicester City,2018-12-05
864,Chelsea,Newcastle United,2019-01-12
261,Bournemouth,Aston Villa,2022-08-06
334,Leicester City,Burnley,2019-10-19
277,Brighton,West Ham United,2021-05-15
610,Manchester City,Arsenal,2019-02-03
220,Arsenal,Aston Villa,2019-09-22
929,West Ham United,Aston Villa,2022-03-13
13,Tottenham Hotspur,Manchester City,2021-08-15
280,West Ham United,Liverpool,2021-11-07
142,Manchester City,Everton,2021-11-21
1077,Brighton,Southampton,2020-12-07
338,Manchester United,Brighton,2022-08-07
916,Manchester United,Liverpool,2022-08-22
855,Brighton,Crystal Palace,2018-12-04
416,Leeds United,Manchester United,2021-04-25
73,Newcastle United,Crystal Palace,2021-02-02
19,Tottenham Hotspur,Everton,2020-09-13
868,Fulham,Bournemouth,2018-10-27
370,Tottenham Hotspur,Manchester United,2019-01-13
147,Wolverhampton Wanderers,Watford,2022-03-10
618,Chelsea,West Ham United,2022-04-24
228,Fulham,Liverpool,2020-12-13
265,Newcastle United,Liverpool,2020-12-30
1,Tottenham Hotspur,Brentford,2021-12-02
1118,Everton,West Ham United,2022-09-18
640,Newcastle United,Manchester City,2022-08-21
533,Burnley,Manchester City,2019-04-28
634,Norwich City,Bournemouth,2020-01-18
1038,Leicester City,Wolverhampton Wanderers,2021-08-14
1209,Brighton,Burnley,2019-09-14
881,Fulham,Sheffield United,2021-02-20
283,Aston Villa,Everton,2022-08-13
129,Chelsea,Manchester City,2021-01-03
757,Fulham,Leicester City,2021-02-03
289,Everton,Southampton,2020-07-09
143,Leicester City,Wolverhampton Wanderers,2018-08-18
126,West Ham United,Sheffield United,2021-02-15
103,Southampton,Burnley,2021-04-04
497,Brighton,Wolverhampton Wanderers,2019-12-08
287,Aston Villa,Brighton,2019-10-19
488,Cardiff City,Leicester City,2018-11-03
1016,Brighton,Newcastle United,2022-08-13
1009,Southampton,Chelsea,2018-10-07
16,Brighton,Watford,2021-08-21
479,Arsenal,Burnley,2022-01-23
137,West Bromwich Albion,Newcastle United,2021-03-07
188,Crystal Palace,West Ham United,2022-01-01
111,Norwich City,Aston Villa,2021-12-14
1067,Arsenal,Brentford,2022-02-19
112,Watford,Bournemouth,2018-10-06
1078,Manchester City,Manchester United,2019-12-07
1167,Wolverhampton Wanderers,Southampton,2022-09-03
878,Arsenal,Manchester United,2020-01-01
1079,Manchester United,Leicester City,2022-04-02
276,Aston Villa,Burnley,2019-09-28
847,Fulham,Tottenham Hotspur,2021-03-04
1090,Liverpool,Manchester United,2021-01-17
1065,Crystal Palace,Arsenal,2018-10-28
817,Arsenal,Leeds United,2022-05-08
833,Chelsea,Burnley,2020-01-11
158,Southampton,Manchester City,2020-07-05
797,Bournemouth,Liverpool,2019-12-07
107,Tottenham Hotspur,Crystal Palace,2021-03-07
457,Southampton,Arsenal,2021-01-26
800,Newcastle United,Manchester United,2021-12-27
973,Manchester City,Brighton,2018-09-29
379,Brighton,West Ham United,2022-05-22
1087,Wolverhampton Wanderers,Bournemouth,2018-12-15
828,Brighton,Tottenham Hotspur,2021-01-31
768,Aston Villa,Watford,2022-02-19
1174,Aston Villa,Chelsea,2021-05-23
1071,Everton,Crystal Palace,2020-02-08
1121,Liverpool,Tottenham Hotspur,2022-05-07
600,Crystal Palace,Everton,2019-08-10
295,Tottenham Hotspur,Wolverhampton Wanderers,2021-05-16
242,Watford,Wolverhampton Wanderers,2019-04-27
1153,Newcastle United,Chelsea,2021-10-30
417,Norwich City,Sheffield United,2019-12-08
901,Brentford,Wolverhampton Wanderers,2022-10-29
1195,West Ham United,Brighton,2020-12-27
56,Tottenham Hotspur,Fulham,2018-08-18
207,West Ham United,Tottenham Hotspur,2019-11-23
432,Chelsea,Norwich City,2020-07-14
309,Fulham,Manchester United,2022-11-13
255,Newcastle United,Brighton,2022-03-05
352,Burnley,Crystal Palace,2021-11-20
935,Cardiff City,Bournemouth,2019-02-02
1072,Newcastle United,Tottenham Hotspur,2020-07-15
445,Crystal Palace,Manchester United,2021-03-03
231,Chelsea,Bournemouth,2018-09-01
1054,Manchester United,West Bromwich Albion,2020-11-21
1108,Crystal Palace,Arsenal,2022-08-05
886,Huddersfield Town,Chelsea,2018-08-11
909,Manchester City,Crystal Palace,2022-08-27
894,Manchester United,Leeds United,2020-12-20
293,Liverpool,Newcastle United,2021-12-16
733,Brighton,Manchester United,2018-08-19
996,Liverpool,Wolverhampton Wanderers,2019-05-12
1144,Southampton,Manchester City,2020-12-19
982,Fulham,Brighton,2020-12-16
1126,Watford,Arsenal,2019-09-15
523,Wolverhampton Wanderers,Tottenham Hotspur,2019-12-15
438,Newcastle United,Leeds United,2021-09-17
981,Manchester United,Manchester City,2020-12-12
1211,Tottenham Hotspur,Cardiff City,2018-10-06
163,Newcastle United,Liverpool,2019-05-04
617,Bournemouth,Newcastle United,2019-03-16
1192,Fulham,Brighton,2019-01-29
3,Manchester United,Newcastle United,2021-02-21
862,Tottenham Hotspur,Arsenal,2020-12-06
221,Crystal Palace,Liverpool,2019-11-23
95,West Ham United,Newcastle United,2019-11-02
1206,Norwich City,Liverpool,2021-08-14
78,Newcastle United,Sheffield United,2020-06-21
663,Wolverhampton Wanderers,Liverpool,2020-01-23
4,Arsenal,Liverpool,2022-03-16
516,Crystal Palace,Brighton,2019-03-09
382,Crystal Palace,Watford,2019-01-12
52,Tottenham Hotspur,West Ham United,2019-04-27
150,Norwich City,Manchester United,2019-10-27
320,Everton,Watford,2021-10-23
558,Leicester City,Liverpool,2021-02-13
843,Sheffield United,Crystal Palace,2021-05-08
912,Norwich City,Watford,2019-11-08
578,West Bromwich Albion,Liverpool,2021-05-16
1025,Southampton,Newcastle United,2020-11-06
34,Bournemouth,Everton,2022-11-12
235,Everton,Arsenal,2019-04-07
244,Southampton,Wolverhampton Wanderers,2019-04-13
1133,Everton,Arsenal,2021-12-06
1070,Tottenham Hotspur,Newcastle United,2020-09-27
465,Leicester City,Brighton,2020-06-23
1177,Manchester United,Tottenham Hotspur,2022-03-12
921,Leeds United,Chelsea,2022-05-11
538,Watford,Leicester City,2022-05-15
1158,Chelsea,Crystal Palace,2021-08-14
781,Tottenham Hotspur,Watford,2019-10-19
539,Sheffield United,Liverpool,2019-09-28
988,Brighton,Everton,2021-04-12
994,Brighton,Arsenal,2021-10-02
796,Nottingham Forest,Crystal Palace,2022-11-12
911,Burnley,Liverpool,2022-02-13
956,Leeds United,Tottenham Hotspur,2021-05-08
627,Leicester City,Chelsea,2021-01-19
570,Brentford,Leeds United,2022-09-03
790,Watford,Norwich City,2020-07-07
741,Chelsea,Leicester City,2018-12-22
941,Newcastle United,Everton,2019-12-28
1045,Huddersfield Town,Watford,2019-04-20
536,Manchester City,Crystal Palace,2021-01-17
42,Manchester City,Sheffield United,2019-12-29
541,Leeds United,Watford,2021-10-02
724,Burnley,Everton,2020-12-05
26,West Bromwich Albion,Manchester City,2021-01-26
1021,Arsenal,Wolverhampton Wanderers,2019-11-02
1056,Watford,Tottenham Hotspur,2020-01-18
324,Newcastle United,Chelsea,2018-08-26
1131,Fulham,Brighton,2022-08-30
977,Brighton,Aston Villa,2020-01-18
177,Southampton,Wolverhampton Wanderers,2020-01-18
29,Leicester City,Burnley,2020-09-20
959,Brighton,Tottenham Hotspur,2018-09-22
677,Wolverhampton Wanderers,Brentford,2021-09-18
639,Liverpool,Arsenal,2021-11-20
20,Newcastle United,Arsenal,2022-05-16
248,Crystal Palace,Wolverhampton Wanderers,2018-10-06
113,Watford,Brentford,2022-04-16
446,Manchester United,Crystal Palace,2019-08-24
402,Brentford,Liverpool,2021-09-25
922,Brighton,Chelsea,2022-01-18
837,Bournemouth,Brentford,2022-10-01
452,Sheffield United,Aston Villa,2019-12-14
167,Brighton,Everton,2021-08-28
597,Brentford,Manchester City,2021-12-29
1152,Arsenal,Tottenham Hotspur,2018-12-02
528,Leeds United,Brentford,2021-12-05
731,Manchester United,Wolverhampton Wanderers,2022-01-03
279,Watford,Tottenham Hotspur,2022-01-01
171,Aston Villa,Tottenham Hotspur,2021-03-21
654,Watford,Everton,2020-02-01
661,West Ham United,West Bromwich Albion,2021-01-19
983,Sheffield United,Brighton,2020-02-22
33,Everton,Leicester City,2019-01-01
782,Brighton,Wolverhampton Wanderers,2021-01-02
70,Manchester City,Watford,2019-09-21
173,Newcastle United,Bournemouth,2022-09-17
464,Everton,Manchester United,2020-11-07
566,Leeds United,Wolverhampton Wanderers,2022-08-06
719,Chelsea,Cardiff City,2018-09-15
1075,Watford,Newcastle United,2021-09-25
946,Southampton,Brighton,2021-12-04
1189,Norwich City,Arsenal,2021-12-26
987,Chelsea,Watford,2022-05-22
154,Burnley,Brighton,2021-08-14
140,Tottenham Hotspur,Manchester United,2021-04-11
1107,Sheffield United,Wolverhampton Wanderers,2020-07-08
24,Leeds United,Southampton,2022-04-02
200,Aston Villa,Leicester City,2021-12-05
1181,Newcastle United,Aston Villa,2022-02-13
453,Tottenham Hotspur,Southampton,2022-02-09
1085,Leeds United,Southampton,2021-02-23
1001,Everton,West Ham United,2018-09-16
387,Wolverhampton Wanderers,Burnley,2018-09-16
365,Sheffield United,Aston Villa,2021-03-03
1155,Newcastle United,Sheffield United,2021-05-19
511,Southampton,West Ham United,2018-12-27
767,Chelsea,Watford,2020-07-04
367,Huddersfield Town,Leicester City,2019-04-06
1033,Newcastle United,Chelsea,2022-11-12
1095,Arsenal,Fulham,2022-08-27
186,West Ham United,Wolverhampton Wanderers,2020-09-27
656,Tottenham Hotspur,Southampton,2018-12-05
318,Wolverhampton Wanderers,Everton,2021-01-12
542,Tottenham Hotspur,Wolverhampton Wanderers,2020-03-01
256,Watford,Southampton,2019-04-23
101,Liverpool,Fulham,2021-03-07
687,Burnley,Crystal Palace,2019-11-30
123,Chelsea,Liverpool,2018-09-29
957,Brighton,Liverpool,2019-01-12
125,Burnley,Liverpool,2018-12-05
1168,Southampton,Crystal Palace,2021-05-11
238,Arsenal,Newcastle United,2020-02-16
109,Newcastle United,Crystal Palace,2022-09-03
302,Manchester United,Bournemouth,2018-12-30
743,Manchester United,Leicester City,2019-09-14
1187,Wolverhampton Wanderers,Tottenham Hotspur,2020-12-27
48,Sheffield United,Burnley,2021-05-23
1055,Burnley,Southampton,2020-09-26
71,Wolverhampton Wanderers,Manchester City,2022-09-17
1235,Crystal Palace,Watford,2022-05-07
1005,Manchester City,Southampton,2021-03-10
551,Burnley,Southampton,2019-08-10
804,Wolverhampton Wanderers,Burnley,2021-12-01
1208,Arsenal,Brighton,2021-05-23
330,Crystal Palace,Brighton,2020-10-18
184,Watford,Aston Villa,2021-08-14
563,Southampton,Leicester City,2021-04-30
706,Everton,Manchester City,2021-02-17
1140,Burnley,Sheffield United,2020-12-29
266,Crystal Palace,Fulham,2019-02-02
115,Manchester United,Fulham,2018-12-08
890,West Ham United,Bournemouth,2020-01-01
104,Crystal Palace,Sheffield United,2020-02-01
1236,Watford,West Ham United,2019-08-24
39,Leeds United,Everton,2021-02-03
812,Arsenal,Liverpool,2021-04-03
756,Brighton,Tottenham Hotspur,2019-10-05
1164,Arsenal,Manchester United,2021-01-30
1060,Huddersfield Town,Cardiff City,2018-08-25
348,West Ham United,Crystal Palace,2018-12-08
997,Crystal Palace,Newcastle United,2020-11-27
798,Manchester City,Chelsea,2019-11-23
697,West Ham United,Newcastle United,2020-09-12
662,Arsenal,Bournemouth,2019-02-27
1039,Chelsea,Manchester City,2018-12-08
918,Watford,Tottenham Hotspur,2018-09-02
633,Bournemouth,Tottenham Hotspur,2022-10-29
259,Newcastle United,Manchester United,2020-10-17
745,Leicester City,Sheffield United,2020-07-16
60,West Ham United,Leicester City,2021-08-23
891,Brentford,Aston Villa,2022-01-02
152,Crystal Palace,Leicester City,2019-11-03
1142,Leicester City,Aston Villa,2022-04-23
1043,Liverpool,West Ham United,2020-10-31
510,Liverpool,Norwich City,2022-02-19
130,Tottenham Hotspur,Newcastle United,2019-08-25
873,Crystal Palace,Wolverhampton Wanderers,2021-01-30
635,Southampton,Burnley,2020-02-15
655,Liverpool,Southampton,2021-05-08
122,Leicester City,Sheffield United,2021-03-14
603,Manchester City,Newcastle United,2020-12-26
651,Leicester City,Arsenal,2021-02-28
473,Crystal Palace,Manchester City,2021-05-01
821,Manchester United,Norwich City,2022-04-16
1059,Arsenal,Leicester City,2018-10-22
1220,Brighton,West Ham United,2018-10-05
28,Wolverhampton Wanderers,Norwich City,2020-02-23
455,Crystal Palace,Everton,2020-09-26
1112,Sheffield United,Chelsea,2021-02-07
623,Manchester United,Manchester City,2021-11-06
857,Liverpool,Manchester City,2019-11-10
239,Liverpool,Wolverhampton Wanderers,2020-12-06
353,West Ham United,Manchester City,2022-05-15
319,Southampton,Tottenham Hotspur,2020-01-01
716,Leicester City,Manchester United,2020-07-26
1213,Wolverhampton Wanderers,Aston Villa,2022-04-02
726,Liverpool,Norwich City,2019-08-09
824,Liverpool,Manchester City,2018-10-07
201,Brighton,Chelsea,2022-10-29
1015,Everton,Leeds United,2022-02-12
463,Watford,Everton,2022-05-11
1094,Newcastle United,Fulham,2018-12-22
775,Cardiff City,Brighton,2018-11-10
816,Sheffield United,Burnley,2019-11-02
332,Liverpool,Crystal Palace,2020-06-24
672,Norwich City,Southampton,2020-06-19
2,Brighton,Nottingham Forest,2022-10-18
712,Wolverhampton Wanderers,Manchester United,2021-08-29
647,Liverpool,Brighton,2021-10-30
1227,Leeds United,Liverpool,2021-09-12
489,Leicester City,West Ham United,2020-01-22
608,West Ham United,Sheffield United,2019-10-26
549,Burnley,Leeds United,2021-08-29
771,Brighton,Leicester City,2021-03-06
333,Brentford,Arsenal,2022-09-18
217,Norwich City,Everton,2020-06-24
225,Cardiff City,Liverpool,2019-04-21
811,Everton,Manchester City,2019-02-06
910,Liverpool,Burnley,2019-03-10
175,Liverpool,Crystal Palace,2022-08-15
550,Liverpool,Everton,2022-04-24
391,Crystal Palace,Newcastle United,2021-10-23
145,Southampton,Leeds United,2022-08-13
206,Cardiff City,Huddersfield Town,2019-01-12
1130,Chelsea,Manchester United,2018-10-20
227,Leeds United,Aston Villa,2021-02-27
132,Norwich City,Wolverhampton Wanderers,2019-12-21
948,Brentford,Everton,2022-08-27
692,Leicester City,Manchester United,2022-09-01
444,Liverpool,Watford,2022-04-02
527,Watford,Leicester City,2020-06-20
1029,Brighton,Manchester United,2022-05-07
90,Brighton,Chelsea,2020-01-01
718,Fulham,Leeds United,2021-03-19
604,Tottenham Hotspur,Arsenal,2022-05-12
436,Crystal Palace,Brentford,2022-08-30
700,Wolverhampton Wanderers,Fulham,2022-08-13
25,Huddersfield Town,Southampton,2018-12-22
877,West Ham United,Leicester City,2022-11-12
413,Burnley,Everton,2018-12-26
1111,West Ham United,Brighton,2022-08-21
27,Manchester City,Arsenal,2020-06-17
1147,West Bromwich Albion,Burnley,2020-10-19
972,West Ham United,Tottenham Hotspur,2018-10-20
406,Liverpool,Sheffield United,2020-10-24
270,Manchester City,Liverpool,2020-11-08
67,Watford,Aston Villa,2019-12-28
290,Aston Villa,Manchester United,2020-07-09
867,Southampton,Watford,2018-11-10
951,Southampton,Leicester City,2018-08-25
245,Brighton,Tottenham Hotspur,2022-10-08
264,West Ham United,Manchester United,2018-09-29
501,Burnley,Crystal Palace,2020-11-23
575,Arsenal,West Ham United,2020-03-07
502,Wolverhampton Wanderers,Crystal Palace,2022-03-05
806,Aston Villa,Wolverhampton Wanderers,2021-03-06
926,Fulham,Newcastle United,2021-05-23
477,Brighton,Leicester City,2021-09-19
64,Newcastle United,Crystal Palace,2022-04-20
179,Manchester City,Aston Villa,2019-10-26
282,Bournemouth,Leicester City,2022-10-08
938,Fulham,Manchester United,2019-02-09
1018,Southampton,Brighton,2021-03-14
427,Tottenham Hotspur,Everton,2022-03-07
799,Arsenal,Bournemouth,2019-10-06
859,Leicester City,Watford,2021-11-28
848,Brighton,Norwich City,2022-04-02
844,Manchester United,Liverpool,2019-02-24
976,Chelsea,West Ham United,2020-12-21
999,Arsenal,Liverpool,2022-10-09
803,Manchester United,Watford,2019-03-30
426,Newcastle United,Leicester City,2022-04-17
998,Leicester City,Brighton,2020-12-13
164,West Ham United,Cardiff City,2018-12-04
246,Liverpool,Manchester United,2018-12-16
1053,Watford,Fulham,2019-04-02
492,Bournemouth,Fulham,2019-04-20
893,Manchester United,Burnley,2020-01-22
337,Norwich City,Burnley,2022-04-10
582,Liverpool,Leicester City,2022-02-10
326,Newcastle United,Norwich City,2020-02-01
778,Tottenham Hotspur,Southampton,2022-08-06
953,Watford,Manchester City,2020-07-21
1134,Brighton,Leeds United,2021-11-27
609,Manchester United,Arsenal,2020-11-01
717,Tottenham Hotspur,Southampton,2021-04-21
616,Wolverhampton Wanderers,Brighton,2021-05-09
58,Leicester City,Chelsea,2020-02-01
178,Southampton,Manchester United,2020-11-29
730,West Ham United,Everton,2022-04-03
964,Brighton,Leeds United,2022-08-27
46,Newcastle United,Southampton,2021-08-28
703,Crystal Palace,Wolverhampton Wanderers,2019-09-22
805,Norwich City,Manchester City,2019-09-14
1128,Brighton,Bournemouth,2019-12-28
785,Huddersfield Town,Manchester City,2019-01-20
22,Fulham,Manchester City,2021-03-13
